<?xml version="1.0" encoding="UTF-8"?>
<project-private xmlns="http://www.netbeans.org/ns/project-private/1">
    <editor-bookmarks xmlns="http://www.netbeans.org/ns/editor-bookmarks/2" lastBookmarkId="0"/>
    <open-files xmlns="http://www.netbeans.org/ns/projectui-open-files/2">
        <group>
            <file>file:/C:/Users/Rauno%20Hietanen/Documents/NetBeansProjects/Mailis/src/mailis/DataHaku.java</file>
            <file>file:/C:/Users/Rauno%20Hietanen/Documents/NetBeansProjects/Mailis/src/mailis/Mailis.java</file>
            <file>file:/C:/Users/Rauno%20Hietanen/Documents/NetBeansProjects/Mailis/src/mailis/DataSyöttö.java</file>
            <file>file:/C:/Users/Rauno%20Hietanen/Documents/NetBeansProjects/Mailis/src/mailis/Tietokanta.java</file>
            <file>file:/C:/Users/Rauno%20Hietanen/Documents/NetBeansProjects/Mailis/src/mailis/MailisData.java</file>
            <file>file:/C:/Users/Rauno%20Hietanen/Documents/NetBeansProjects/Mailis/src/mailis/Exit.java</file>
            <file>file:/C:/Users/Rauno%20Hietanen/Documents/NetBeansProjects/Mailis/src/mailis/Menu.java</file>
        </group>
    </open-files>
</project-private>
